<?xml version="1.0" encoding="UTF-8"?>
<!--
 *
 * Copyright 2017-present, Yudong (Dom) Wang
 *
 * Licensed under the Apache License, Version 2.0 (the "License");
 * you may not use this file except in compliance with the License.
 * You may obtain a copy of the License at
 *
 *      http://www.apache.org/licenses/LICENSE-2.0
 *
 * Unless required by applicable law or agreed to in writing, software
 * distributed under the License is distributed on an "AS IS" BASIS,
 * WITHOUT WARRANTIES OR CONDITIONS OF ANY KIND, either express or implied.
 * See the License for the specific language governing permissions and
 * limitations under the License.
 *
-->
<Configuration status="error" strict="true"> 
    <Properties> 
        <Property name="filename">work/log/rest-client.log</Property> 
    </Properties>  
    <Appenders> 
        <Console name="Console" target="SYSTEM_OUT"/>  
        <RollingFile name="REST_CLIENT_APPEND" fileName="${filename}" append="true" filePattern="${filename}-%i.log"> 
            <PatternLayout> 
                <Pattern>[%d{yyyy-MM-dd HH:mm:ss.SSS}]-[%p]-[%l] %m%n</Pattern> 
            </PatternLayout>  
            <Policies> 
                <SizeBasedTriggeringPolicy size="10 MB"/> 
            </Policies>  
            <DefaultRolloverStrategy max="5"/> 
        </RollingFile> 
    </Appenders>  
    <Loggers> 
        <Logger name="org.wisdom.tool" level="info" additivity="false"> 
            <AppenderRef ref="REST_CLIENT_APPEND"/> 
        </Logger>  
        <Logger name="org.apache.commons" level="error" additivity="false"> 
            <AppenderRef ref="REST_CLIENT_APPEND"/> 
        </Logger>  
        <Logger name="org.apache.http" level="error" additivity="false"> 
            <AppenderRef ref="REST_CLIENT_APPEND"/> 
        </Logger>  
        <Logger name="com.fasterxml.jackson" level="error" additivity="false"> 
            <AppenderRef ref="REST_CLIENT_APPEND"/> 
        </Logger>  
        <Logger name="com.google.gson" level="error" additivity="false"> 
            <AppenderRef ref="REST_CLIENT_APPEND"/> 
        </Logger>  
        <Root level="all"> 
            <AppenderRef ref="REST_CLIENT_APPEND"/> 
        </Root> 
    </Loggers> 
</Configuration>
